{"satisfy_n": 5, "satisfy_cluster_list": [[0, 4], [2, 5], [5, 1], [6, 2], [7, 0]], "ACC": 0.3904851625058879, "overall_coverate": 0.6589731512011305, "r_overall_coverate": 0.35986811116344797, "mean_precision": 0.5857223570490184, "mean_recall": 0.5128411420816205, "manual_overall_recall": 0.4816326530612245, "bert_overall_recall": 0.49025069637883006, "mean_F": 0.5982101082178207, "NMI": 0.32152143623342966, "coverate_list": [0.1365991521431936, 0.1125765426283561, 0.14319359397079603, 0.20254357041921808, 0.06406029203956665], "mean_coverate": 0.1317946302402261, "r_coverate_list": [0.07960433349034385, 0.054639660857277436, 0.0970325011775789, 0.07724917569477155, 0.05134243994347621], "r_mean_coverate": 0.07197362223268959, "precision_list": [0.5827586206896552, 0.48535564853556484, 0.6776315789473685, 0.3813953488372093, 0.8014705882352942], "overall_precision": 0.5461043602573267, "recall_list": [0.6259259259259259, 0.47540983606557374, 0.6204819277108434, 0.5985401459854015, 0.24384787472035793], "overall_recall": 0.48755583918315254, "manual_recall_list": [0.6285714285714286, 0.40625, 0.6846846846846847, 0.5205479452054794, 0.21897810218978103], "manual_mean_recall": 0.49180643213027475, "bert_recall_list": [0.6242424242424243, 0.5, 0.5882352941176471, 0.6268656716417911, 0.25483870967741934], "bert_mean_recall": 0.5188364199358564, "F_measure_list": [0.6035714285714285, 0.48033126293995854, 0.6477987421383649, 0.46590909090909094, 0.37392795883361923], "ind": [[0, 4], [1, 11], [2, 5], [3, 7], [4, 3], [5, 1], [6, 2], [7, 0], [8, 10], [9, 8], [10, 9], [11, 6]], "old_y_pred": [9, 6, 6, 3, 9, 4, 1, 0, 3, 7, 9, 4, 6, 6, 0, 0, 0, 0, 4, 3, 2, 6, 3, 7, 9, 0, 10, 0, 10, 0, 3, 9, 6, 0, 10, 0, 10, 0, 0, 6, 4, 6, 6, 3, 9, 6, 0, 7, 6, 4, 1, 5, 5, 6, 1, 3, 3, 1, 5, 5, 11, 6, 10, 2, 1, 6, 0, 6, 1, 1, 4, 4, 11, 4, 2, 6, 4, 4, 4, 3, 0, 2, 6, 2, 6, 6, 0, 3, 4, 7, 3, 3, 7, 9, 6, 4, 6, 0, 3, 4, 10, 0, 8, 0, 0, 10, 0, 3, 0, 4, 5, 1, 0, 0, 10, 0, 10, 0, 3, 0, 6, 3, 6, 6, 3, 4, 5, 4, 4, 3, 4, 4, 0, 0, 6, 7, 5, 5, 5, 7, 7, 5, 9, 4, 4, 7, 2, 3, 2, 7, 4, 5, 7, 4, 5, 7, 4, 0, 7, 0, 0, 0, 6, 6, 0, 7, 4, 9, 4, 0, 4, 0, 0, 0, 2, 6, 2, 6, 0, 3, 9, 2, 4, 0, 7, 4, 4, 0, 10, 4, 0, 0, 2, 6, 0, 0, 0, 7, 5, 5, 5, 3, 5, 5, 5, 4, 4, 4, 4, 6, 11, 4, 5, 5, 6, 0, 10, 0, 0, 3, 0, 3, 6, 6, 6, 7, 7, 4, 5, 5, 6, 5, 11, 5, 4, 5, 4, 4, 0, 10, 0, 7, 4, 6, 10, 0, 0, 6, 2, 4, 0, 0, 3, 5, 10, 0, 6, 6, 2, 7, 4, 6, 2, 7, 4, 0, 6, 4, 3, 5, 2, 6, 6, 3, 7, 4, 0, 4, 6, 7, 0, 0, 0, 0, 0, 4, 0, 0, 7, 4, 6, 2, 3, 5, 5, 4, 5, 5, 9, 5, 2, 4, 11, 5, 4, 5, 5, 5, 6, 0, 0, 0, 2, 6, 4, 10, 6, 0, 11, 3, 0, 0, 2, 4, 2, 3, 4, 0, 4, 3, 6, 2, 2, 2, 2, 2, 2, 2, 6, 2, 2, 5, 2, 4, 3, 5, 0, 0, 0, 10, 3, 5, 5, 2, 4, 6, 3, 4, 4, 4, 6, 3, 4, 6, 2, 6, 2, 6, 2, 2, 2, 5, 1, 3, 5, 4, 2, 2, 5, 5, 5, 6, 1, 11, 4, 6, 6, 6, 7, 2, 6, 2, 2, 6, 11, 6, 3, 4, 5, 11, 6, 6, 7, 5, 5, 4, 5, 11, 5, 4, 11, 6, 4, 4, 6, 6, 3, 3, 5, 5, 7, 0, 0, 6, 6, 0, 6, 6, 7, 4, 6, 4, 6, 6, 3, 0, 3, 5, 2, 6, 6, 0, 6, 0, 6, 6, 6, 3, 5, 0, 11, 4, 5, 6, 6, 11, 11, 5, 0, 6, 0, 10, 10, 10, 10, 0, 0, 6, 5, 5, 4, 5, 5, 5, 6, 0, 10, 6, 4, 0, 10, 0, 2, 6, 7, 5, 4, 4, 6, 0, 0, 0, 3, 4, 5, 5, 6, 0, 6, 7, 9, 4, 10, 10, 6, 11, 3, 6, 6, 3, 4, 4, 3, 3, 6, 7, 4, 0, 0, 0, 0, 6, 3, 4, 5, 4, 5, 1, 5, 4, 5, 5, 6, 0, 5, 5, 5, 5, 5, 6, 5, 5, 11, 5, 5, 5, 5, 7, 6, 6, 6, 6, 0, 0, 0, 6, 3, 3, 3, 7, 5, 5, 4, 2, 6, 2, 6, 6, 10, 6, 3, 5, 5, 4, 3, 6, 2, 6, 6, 6, 6, 6, 6, 2, 6, 5, 5, 5, 5, 11, 5, 5, 5, 5, 4, 5, 5, 4, 5, 6, 4, 5, 5, 0, 0, 0, 0, 0, 0, 6, 0, 6, 6, 0, 5, 3, 4, 3, 11, 4, 4, 6, 6, 6, 0, 6, 0, 6, 6, 4, 6, 6, 3, 3, 4, 0, 6, 6, 4, 5, 5, 5, 0, 4, 6, 0, 10, 6, 6, 3, 6, 3, 4, 5, 6, 0, 0, 5, 11, 6, 6, 5, 5, 4, 7, 0, 9, 5, 11, 6, 2, 2, 7, 5, 5, 5, 5, 4, 6, 9, 5, 4, 5, 7, 4, 6, 6, 2, 2, 6, 3, 3, 3, 4, 4, 4, 2, 7, 5, 6, 0, 0, 3, 6, 3, 4, 2, 2, 11, 4, 4, 0, 11, 5, 5, 11, 4, 5, 7, 0, 5, 4, 11, 4, 6, 6, 3, 4, 10, 7, 4, 5, 4, 5, 4, 0, 2, 3, 0, 0, 0, 6, 3, 5, 4, 4, 2, 6, 6, 6, 6, 6, 0, 6, 6, 7, 4, 4, 4, 5, 4, 2, 4, 6, 3, 6, 6, 6, 11, 3, 5, 5, 5, 11, 4, 5, 7, 2, 2, 2, 6, 2, 2, 2, 2, 6, 2, 6, 2, 1, 5, 6, 4, 3, 7, 4, 6, 3, 6, 5, 5, 5, 1, 6, 4, 6, 2, 9, 8, 4, 11, 5, 5, 0, 4, 4, 11, 4, 6, 2, 11, 3, 5, 6, 3, 11, 4, 6, 4, 6, 3, 8, 5, 5, 5, 4, 5, 7, 5, 5, 5, 6, 5, 8, 4, 4, 4, 11, 1, 4, 11, 2, 2, 6, 2, 5, 2, 2, 5, 4, 4, 6, 2, 4, 6, 1, 3, 9, 4, 8, 9, 9, 9, 4, 8, 5, 6, 5, 4, 2, 0, 10, 0, 4, 11, 6, 5, 5, 1, 11, 5, 5, 5, 1, 4, 5, 5, 5, 5, 1, 5, 4, 5, 5, 7, 5, 11, 4, 4, 5, 11, 5, 5, 11, 5, 5, 7, 1, 4, 6, 3, 7, 4, 11, 5, 11, 4, 0, 6, 6, 6, 3, 4, 5, 8, 3, 11, 4, 5, 5, 8, 9, 5, 5, 4, 5, 5, 4, 0, 6, 7, 4, 8, 4, 5, 5, 10, 1, 5, 5, 11, 4, 10, 11, 5, 4, 11, 5, 11, 5, 5, 8, 4, 0, 5, 5, 7, 0, 6, 4, 1, 6, 6, 0, 6, 10, 6, 3, 7, 4, 4, 3, 5, 5, 1, 5, 2, 2, 2, 11, 5, 4, 5, 5, 2, 5, 2, 5, 1, 4, 10, 0, 0, 7, 4, 7, 11, 4, 5, 5, 5, 4, 6, 10, 8, 4, 0, 10, 0, 6, 6, 6, 3, 7, 4, 5, 5, 7, 5, 5, 5, 6, 1, 11, 8, 0, 0, 6, 6, 0, 6, 6, 3, 3, 8, 2, 6, 2, 2, 7, 4, 5, 7, 4, 2, 2, 1, 6, 3, 5, 4, 4, 9, 0, 10, 0, 0, 3, 2, 6, 6, 6, 7, 7, 0, 0, 0, 6, 6, 6, 0, 0, 6, 0, 0, 0, 6, 3, 7, 0, 8, 5, 11, 1, 0, 10, 0, 0, 8, 9, 5, 5, 6, 6, 3, 4, 4, 4, 0, 10, 10, 10, 4, 0, 4, 3, 1, 5, 2, 6, 6, 11, 4, 0, 3, 9, 5, 0, 0, 0, 0, 6, 6, 0, 5, 7, 0, 6, 3, 7, 4, 10, 0, 10, 0, 3, 7, 4, 4, 10, 0, 0, 2, 2, 3, 0, 0, 0, 10, 0, 3, 7, 4, 2, 2, 2, 2, 2, 3, 7, 6, 3, 7, 4, 7, 5, 4, 3, 6, 0, 0, 0, 6, 6, 6, 6, 3, 3, 7, 4, 4, 0, 0, 7, 5, 11, 5, 11, 5, 5, 5, 6, 6, 6, 7, 11, 4, 0, 0, 6, 0, 0, 0, 5, 3, 7, 3, 4, 3, 6, 0, 4, 6, 7, 4, 10, 0, 0, 8, 6, 1, 4, 2, 2, 3, 4, 11, 5, 3, 4, 5, 3, 9, 5, 5, 5, 1, 4, 3, 11, 5, 5, 5, 11, 1, 4, 1, 4, 3, 7, 8, 0, 6, 8, 4, 7, 11, 9, 2, 1, 4, 5, 7, 0, 0, 6, 10, 0, 6, 3, 7, 0, 8, 0, 0, 0, 3, 5, 5, 11, 9, 1, 4, 6, 0, 0, 6, 6, 0, 0, 0, 6, 3, 3, 6, 6, 3, 7, 5, 11, 5, 5, 11, 5, 5, 11, 9, 6, 4, 5, 8, 4, 4, 4, 4, 0, 9, 2, 2, 0, 6, 6, 6, 3, 5, 5, 2, 6, 11, 6, 4, 10, 4, 3, 11, 4, 0, 3, 4, 6, 5, 7, 4, 11, 5, 5, 4, 5, 11, 6, 6, 6, 5, 5, 5, 0, 7, 4, 3, 4, 11, 4, 11, 4, 4, 11, 11, 0, 10, 0, 10, 3, 7, 5, 5, 1, 5, 5, 11, 4, 10, 0, 2, 2, 7, 5, 11, 2, 2, 2, 3, 6, 6, 0, 10, 0, 6, 6, 10, 6, 1, 6, 0, 7, 4, 2, 3, 7, 5, 5, 1, 4, 5, 5, 4, 5, 8, 4, 2, 2, 11, 2, 1, 5, 7, 8, 4, 7, 11, 2, 2, 6, 6, 11, 2, 6, 3, 10, 0, 6, 7, 4, 0, 6, 11, 7, 4, 6, 11, 4, 4, 4, 2, 6, 6, 3, 2, 2, 2, 3, 7, 4, 0, 10, 0, 10, 10, 4, 6, 6, 6, 6, 6, 7, 2, 0, 10, 0, 10, 6, 6, 6, 7, 2, 2, 7, 4, 3, 4, 8, 1, 4, 11, 1, 5, 11, 5, 4, 5, 7, 5, 5, 5, 11, 4, 6, 6, 2, 0, 0, 7, 4, 10, 0, 6, 5, 5, 5, 11, 0, 10, 0, 0, 6, 0, 6, 3, 7, 11, 4, 5, 11, 5, 0, 6, 3, 7, 6, 6, 6, 4, 10, 10, 0, 6, 2, 3, 10, 6, 6, 3, 7, 9, 8, 6, 6, 0, 10, 0, 6, 2, 6, 7, 5, 1, 4, 5, 10, 0, 4, 6, 6, 6, 3, 7, 0, 5, 6, 6, 2, 2, 2, 2, 2, 3, 11, 6, 6, 1, 2, 7, 7, 5, 11, 1, 9, 5, 5, 5, 5, 5, 6, 5, 5, 5, 1, 0, 0, 0, 0, 1, 0, 0, 7, 5, 4, 8, 4, 4, 1, 4, 4, 0, 10, 0, 0, 6, 0, 7, 4, 7, 6, 9, 5, 5, 11, 0, 0, 0, 0, 0, 0, 0, 0, 0, 11, 4, 4, 11, 9, 4, 5, 11, 8, 5, 5, 5, 4, 0, 1, 0, 2, 4, 11, 1, 4, 11, 5, 5, 5, 1, 5, 2, 2, 3, 9, 1, 0, 5, 5, 11, 6, 2, 0, 2, 3, 4, 1, 4, 6, 8, 4, 5, 5, 5, 1, 4, 5, 5, 11, 4, 8, 4, 5, 4, 10, 3, 3, 5, 1, 5, 5, 11, 5, 5, 2, 3, 1, 4, 10, 0, 5, 11, 5, 4, 6, 11, 5, 5, 1, 5, 7, 5, 5, 5, 11, 1, 6, 2, 2, 2, 2, 2, 1, 2, 7, 5, 2, 3, 0, 0, 2, 2, 2, 2, 2, 2, 6, 7, 2, 6, 6, 2, 2, 2, 2, 2, 6, 6, 11, 7, 2, 6, 2, 6, 2, 2, 2, 8, 4, 6, 6, 6, 6, 6, 6, 11, 7, 4, 6, 6, 6, 2, 6, 6, 10, 10, 0, 6, 10, 6, 11, 2, 2, 2, 10, 2, 11, 0, 0, 6, 0, 0, 2, 6, 11, 6, 6, 3, 7, 4, 6, 2, 2, 6, 11, 6, 0, 1, 6, 6, 7, 5, 10, 0, 2, 6, 6, 6, 7, 0, 4, 6, 6, 6, 4, 4, 6, 6, 6, 2, 2, 2, 2, 10, 2, 2, 2, 2, 2, 1, 2, 2, 2, 2, 2, 2, 2, 8, 4, 2, 6, 2, 0, 10, 6, 1, 10, 2, 2, 2, 2, 2, 2, 2, 2, 2, 2, 11, 2, 2, 2, 2, 2, 2, 2, 2, 2, 2, 2, 6, 4, 0, 6, 6, 6, 3, 6, 2, 6, 7, 4, 2, 2, 2, 6, 3, 7, 4, 0, 10, 0, 6, 7, 6, 6, 6, 6, 7, 4, 10, 6, 0, 0, 0, 10, 10, 6, 6, 3, 7, 8, 6, 6, 6, 3, 7, 2, 2, 2, 2, 4, 0, 2, 2, 2, 2, 6, 7, 4, 2, 6, 3, 7, 2, 4, 6, 3, 4, 4, 0, 0, 0, 0, 6, 6, 6, 6, 3, 7, 4, 6, 3, 7, 2, 6, 6, 2, 6, 6, 7, 2, 2, 3, 6, 2, 2, 6, 6, 2, 6, 2, 2, 2, 2, 6, 1, 11, 4, 2, 0, 0, 10, 0, 0, 6, 0, 6, 6, 6, 3, 4, 2, 6, 1, 11, 3, 4, 4, 0, 6, 3, 2, 0, 6, 6, 6, 3, 2, 2, 2, 2, 2, 2, 2, 2, 2, 3, 7,